config_id,N,H,B,tau,strategy,profile,T,p_genuine,p_attack,priority,safe_mode,experiment,seed_policy,offered_load_ratio
0,10,1,0,2,none,none,120,0.002,0.9,fifo,False,RQ1_core,independent,0.0
1,10,1,0,6,none,none,120,0.002,0.9,fifo,False,RQ1_core,independent,0.0
2,10,1,0,12,none,none,120,0.002,0.9,fifo,False,RQ1_core,independent,0.0
3,10,1,1,2,fallback_first,none,120,0.002,0.9,fifo,False,RQ1_core,independent,1.8
4,10,1,1,6,fallback_first,none,120,0.002,0.9,fifo,False,RQ1_core,independent,5.4
5,10,1,1,12,fallback_first,none,120,0.002,0.9,fifo,False,RQ1_core,independent,10.8
6,10,1,2,2,fallback_first,none,120,0.002,0.9,fifo,False,RQ1_core,independent,3.6
7,10,1,2,6,fallback_first,none,120,0.002,0.9,fifo,False,RQ1_core,independent,10.8
8,10,1,2,12,fallback_first,none,120,0.002,0.9,fifo,False,RQ1_core,independent,21.6
9,10,3,0,2,none,none,120,0.002,0.9,fifo,False,RQ1_core,independent,0.0
10,10,3,0,6,none,none,120,0.002,0.9,fifo,False,RQ1_core,independent,0.0
11,10,3,0,12,none,none,120,0.002,0.9,fifo,False,RQ1_core,independent,0.0
12,10,3,1,2,fallback_first,none,120,0.002,0.9,fifo,False,RQ1_core,independent,0.6
13,10,3,1,6,fallback_first,none,120,0.002,0.9,fifo,False,RQ1_core,independent,1.8
14,10,3,1,12,fallback_first,none,120,0.002,0.9,fifo,False,RQ1_core,independent,3.6
15,10,3,2,2,fallback_first,none,120,0.002,0.9,fifo,False,RQ1_core,independent,1.2
16,10,3,2,6,fallback_first,none,120,0.002,0.9,fifo,False,RQ1_core,independent,3.6
17,10,3,2,12,fallback_first,none,120,0.002,0.9,fifo,False,RQ1_core,independent,7.2
18,10,5,0,2,none,none,120,0.002,0.9,fifo,False,RQ1_core,independent,0.0
19,10,5,0,6,none,none,120,0.002,0.9,fifo,False,RQ1_core,independent,0.0
20,10,5,0,12,none,none,120,0.002,0.9,fifo,False,RQ1_core,independent,0.0
21,10,5,1,2,fallback_first,none,120,0.002,0.9,fifo,False,RQ1_core,independent,0.36
22,10,5,1,6,fallback_first,none,120,0.002,0.9,fifo,False,RQ1_core,independent,1.08
23,10,5,1,12,fallback_first,none,120,0.002,0.9,fifo,False,RQ1_core,independent,2.16
24,10,5,2,2,fallback_first,none,120,0.002,0.9,fifo,False,RQ1_core,independent,0.72
25,10,5,2,6,fallback_first,none,120,0.002,0.9,fifo,False,RQ1_core,independent,2.16
26,10,5,2,12,fallback_first,none,120,0.002,0.9,fifo,False,RQ1_core,independent,4.32
27,20,1,0,2,none,none,120,0.002,0.9,fifo,False,RQ1_core,independent,0.0
28,20,1,0,6,none,none,120,0.002,0.9,fifo,False,RQ1_core,independent,0.0
29,20,1,0,12,none,none,120,0.002,0.9,fifo,False,RQ1_core,independent,0.0
30,20,1,1,2,fallback_first,none,120,0.002,0.9,fifo,False,RQ1_core,independent,1.8
31,20,1,1,6,fallback_first,none,120,0.002,0.9,fifo,False,RQ1_core,independent,5.4
32,20,1,1,12,fallback_first,none,120,0.002,0.9,fifo,False,RQ1_core,independent,10.8
33,20,1,2,2,fallback_first,none,120,0.002,0.9,fifo,False,RQ1_core,independent,3.6
34,20,1,2,6,fallback_first,none,120,0.002,0.9,fifo,False,RQ1_core,independent,10.8
35,20,1,2,12,fallback_first,none,120,0.002,0.9,fifo,False,RQ1_core,independent,21.6
36,20,3,0,2,none,none,120,0.002,0.9,fifo,False,RQ1_core,independent,0.0
37,20,3,0,6,none,none,120,0.002,0.9,fifo,False,RQ1_core,independent,0.0
38,20,3,0,12,none,none,120,0.002,0.9,fifo,False,RQ1_core,independent,0.0
39,20,3,1,2,fallback_first,none,120,0.002,0.9,fifo,False,RQ1_core,independent,0.6
40,20,3,1,6,fallback_first,none,120,0.002,0.9,fifo,False,RQ1_core,independent,1.8
41,20,3,1,12,fallback_first,none,120,0.002,0.9,fifo,False,RQ1_core,independent,3.6
42,20,3,2,2,fallback_first,none,120,0.002,0.9,fifo,False,RQ1_core,independent,1.2
43,20,3,2,6,fallback_first,none,120,0.002,0.9,fifo,False,RQ1_core,independent,3.6
44,20,3,2,12,fallback_first,none,120,0.002,0.9,fifo,False,RQ1_core,independent,7.2
45,20,5,0,2,none,none,120,0.002,0.9,fifo,False,RQ1_core,independent,0.0
46,20,5,0,6,none,none,120,0.002,0.9,fifo,False,RQ1_core,independent,0.0
47,20,5,0,12,none,none,120,0.002,0.9,fifo,False,RQ1_core,independent,0.0
48,20,5,1,2,fallback_first,none,120,0.002,0.9,fifo,False,RQ1_core,independent,0.36
49,20,5,1,6,fallback_first,none,120,0.002,0.9,fifo,False,RQ1_core,independent,1.08
50,20,5,1,12,fallback_first,none,120,0.002,0.9,fifo,False,RQ1_core,independent,2.16
51,20,5,2,2,fallback_first,none,120,0.002,0.9,fifo,False,RQ1_core,independent,0.72
52,20,5,2,6,fallback_first,none,120,0.002,0.9,fifo,False,RQ1_core,independent,2.16
53,20,5,2,12,fallback_first,none,120,0.002,0.9,fifo,False,RQ1_core,independent,4.32
54,50,1,0,2,none,none,120,0.002,0.9,fifo,False,RQ1_core,independent,0.0
55,50,1,0,6,none,none,120,0.002,0.9,fifo,False,RQ1_core,independent,0.0
56,50,1,0,12,none,none,120,0.002,0.9,fifo,False,RQ1_core,independent,0.0
57,50,1,1,2,fallback_first,none,120,0.002,0.9,fifo,False,RQ1_core,independent,1.8
58,50,1,1,6,fallback_first,none,120,0.002,0.9,fifo,False,RQ1_core,independent,5.4
59,50,1,1,12,fallback_first,none,120,0.002,0.9,fifo,False,RQ1_core,independent,10.8
60,50,1,2,2,fallback_first,none,120,0.002,0.9,fifo,False,RQ1_core,independent,3.6
61,50,1,2,6,fallback_first,none,120,0.002,0.9,fifo,False,RQ1_core,independent,10.8
62,50,1,2,12,fallback_first,none,120,0.002,0.9,fifo,False,RQ1_core,independent,21.6
63,50,3,0,2,none,none,120,0.002,0.9,fifo,False,RQ1_core,independent,0.0
64,50,3,0,6,none,none,120,0.002,0.9,fifo,False,RQ1_core,independent,0.0
65,50,3,0,12,none,none,120,0.002,0.9,fifo,False,RQ1_core,independent,0.0
66,50,3,1,2,fallback_first,none,120,0.002,0.9,fifo,False,RQ1_core,independent,0.6
67,50,3,1,6,fallback_first,none,120,0.002,0.9,fifo,False,RQ1_core,independent,1.8
68,50,3,1,12,fallback_first,none,120,0.002,0.9,fifo,False,RQ1_core,independent,3.6
69,50,3,2,2,fallback_first,none,120,0.002,0.9,fifo,False,RQ1_core,independent,1.2
70,50,3,2,6,fallback_first,none,120,0.002,0.9,fifo,False,RQ1_core,independent,3.6
71,50,3,2,12,fallback_first,none,120,0.002,0.9,fifo,False,RQ1_core,independent,7.2
72,50,5,0,2,none,none,120,0.002,0.9,fifo,False,RQ1_core,independent,0.0
73,50,5,0,6,none,none,120,0.002,0.9,fifo,False,RQ1_core,independent,0.0
74,50,5,0,12,none,none,120,0.002,0.9,fifo,False,RQ1_core,independent,0.0
75,50,5,1,2,fallback_first,none,120,0.002,0.9,fifo,False,RQ1_core,independent,0.36
76,50,5,1,6,fallback_first,none,120,0.002,0.9,fifo,False,RQ1_core,independent,1.08
77,50,5,1,12,fallback_first,none,120,0.002,0.9,fifo,False,RQ1_core,independent,2.16
78,50,5,2,2,fallback_first,none,120,0.002,0.9,fifo,False,RQ1_core,independent,0.72
79,50,5,2,6,fallback_first,none,120,0.002,0.9,fifo,False,RQ1_core,independent,2.16
80,50,5,2,12,fallback_first,none,120,0.002,0.9,fifo,False,RQ1_core,independent,4.32
81,100,1,0,2,none,none,120,0.002,0.9,fifo,False,RQ1_core,independent,0.0
82,100,1,0,6,none,none,120,0.002,0.9,fifo,False,RQ1_core,independent,0.0
83,100,1,0,12,none,none,120,0.002,0.9,fifo,False,RQ1_core,independent,0.0
84,100,1,1,2,fallback_first,none,120,0.002,0.9,fifo,False,RQ1_core,independent,1.8
85,100,1,1,6,fallback_first,none,120,0.002,0.9,fifo,False,RQ1_core,independent,5.4
86,100,1,1,12,fallback_first,none,120,0.002,0.9,fifo,False,RQ1_core,independent,10.8
87,100,1,2,2,fallback_first,none,120,0.002,0.9,fifo,False,RQ1_core,independent,3.6
88,100,1,2,6,fallback_first,none,120,0.002,0.9,fifo,False,RQ1_core,independent,10.8
89,100,1,2,12,fallback_first,none,120,0.002,0.9,fifo,False,RQ1_core,independent,21.6
90,100,3,0,2,none,none,120,0.002,0.9,fifo,False,RQ1_core,independent,0.0
91,100,3,0,6,none,none,120,0.002,0.9,fifo,False,RQ1_core,independent,0.0
92,100,3,0,12,none,none,120,0.002,0.9,fifo,False,RQ1_core,independent,0.0
93,100,3,1,2,fallback_first,none,120,0.002,0.9,fifo,False,RQ1_core,independent,0.6
94,100,3,1,6,fallback_first,none,120,0.002,0.9,fifo,False,RQ1_core,independent,1.8
95,100,3,1,12,fallback_first,none,120,0.002,0.9,fifo,False,RQ1_core,independent,3.6
96,100,3,2,2,fallback_first,none,120,0.002,0.9,fifo,False,RQ1_core,independent,1.2
97,100,3,2,6,fallback_first,none,120,0.002,0.9,fifo,False,RQ1_core,independent,3.6
98,100,3,2,12,fallback_first,none,120,0.002,0.9,fifo,False,RQ1_core,independent,7.2
99,100,5,0,2,none,none,120,0.002,0.9,fifo,False,RQ1_core,independent,0.0
100,100,5,0,6,none,none,120,0.002,0.9,fifo,False,RQ1_core,independent,0.0
101,100,5,0,12,none,none,120,0.002,0.9,fifo,False,RQ1_core,independent,0.0
102,100,5,1,2,fallback_first,none,120,0.002,0.9,fifo,False,RQ1_core,independent,0.36
103,100,5,1,6,fallback_first,none,120,0.002,0.9,fifo,False,RQ1_core,independent,1.08
104,100,5,1,12,fallback_first,none,120,0.002,0.9,fifo,False,RQ1_core,independent,2.16
105,100,5,2,2,fallback_first,none,120,0.002,0.9,fifo,False,RQ1_core,independent,0.72
106,100,5,2,6,fallback_first,none,120,0.002,0.9,fifo,False,RQ1_core,independent,2.16
107,100,5,2,12,fallback_first,none,120,0.002,0.9,fifo,False,RQ1_core,independent,4.32
108,20,2,1,6,random,critical-unit,120,0.002,0.9,fifo,False,RQ2_strategies,independent,2.7
109,20,2,1,6,criticality_first,critical-unit,120,0.002,0.9,fifo,False,RQ2_strategies,independent,2.7
110,20,2,1,6,fallback_first,critical-unit,120,0.002,0.9,fifo,False,RQ2_strategies,independent,2.7
111,20,2,1,6,capacity_aware,critical-unit,120,0.002,0.9,fifo,False,RQ2_strategies,independent,2.7
112,20,2,1,12,random,critical-unit,120,0.002,0.9,fifo,False,RQ2_strategies,independent,5.4
113,20,2,1,12,criticality_first,critical-unit,120,0.002,0.9,fifo,False,RQ2_strategies,independent,5.4
114,20,2,1,12,fallback_first,critical-unit,120,0.002,0.9,fifo,False,RQ2_strategies,independent,5.4
115,20,2,1,12,capacity_aware,critical-unit,120,0.002,0.9,fifo,False,RQ2_strategies,independent,5.4
116,20,2,2,6,random,critical-unit,120,0.002,0.9,fifo,False,RQ2_strategies,independent,5.4
117,20,2,2,6,criticality_first,critical-unit,120,0.002,0.9,fifo,False,RQ2_strategies,independent,5.4
118,20,2,2,6,fallback_first,critical-unit,120,0.002,0.9,fifo,False,RQ2_strategies,independent,5.4
119,20,2,2,6,capacity_aware,critical-unit,120,0.002,0.9,fifo,False,RQ2_strategies,independent,5.4
120,20,2,2,12,random,critical-unit,120,0.002,0.9,fifo,False,RQ2_strategies,independent,10.8
121,20,2,2,12,criticality_first,critical-unit,120,0.002,0.9,fifo,False,RQ2_strategies,independent,10.8
122,20,2,2,12,fallback_first,critical-unit,120,0.002,0.9,fifo,False,RQ2_strategies,independent,10.8
123,20,2,2,12,capacity_aware,critical-unit,120,0.002,0.9,fifo,False,RQ2_strategies,independent,10.8
124,20,5,1,6,random,critical-unit,120,0.002,0.9,fifo,False,RQ2_strategies,independent,1.08
125,20,5,1,6,criticality_first,critical-unit,120,0.002,0.9,fifo,False,RQ2_strategies,independent,1.08
126,20,5,1,6,fallback_first,critical-unit,120,0.002,0.9,fifo,False,RQ2_strategies,independent,1.08
127,20,5,1,6,capacity_aware,critical-unit,120,0.002,0.9,fifo,False,RQ2_strategies,independent,1.08
128,20,5,1,12,random,critical-unit,120,0.002,0.9,fifo,False,RQ2_strategies,independent,2.16
129,20,5,1,12,criticality_first,critical-unit,120,0.002,0.9,fifo,False,RQ2_strategies,independent,2.16
130,20,5,1,12,fallback_first,critical-unit,120,0.002,0.9,fifo,False,RQ2_strategies,independent,2.16
131,20,5,1,12,capacity_aware,critical-unit,120,0.002,0.9,fifo,False,RQ2_strategies,independent,2.16
132,20,5,2,6,random,critical-unit,120,0.002,0.9,fifo,False,RQ2_strategies,independent,2.16
133,20,5,2,6,criticality_first,critical-unit,120,0.002,0.9,fifo,False,RQ2_strategies,independent,2.16
134,20,5,2,6,fallback_first,critical-unit,120,0.002,0.9,fifo,False,RQ2_strategies,independent,2.16
135,20,5,2,6,capacity_aware,critical-unit,120,0.002,0.9,fifo,False,RQ2_strategies,independent,2.16
136,20,5,2,12,random,critical-unit,120,0.002,0.9,fifo,False,RQ2_strategies,independent,4.32
137,20,5,2,12,criticality_first,critical-unit,120,0.002,0.9,fifo,False,RQ2_strategies,independent,4.32
138,20,5,2,12,fallback_first,critical-unit,120,0.002,0.9,fifo,False,RQ2_strategies,independent,4.32
139,20,5,2,12,capacity_aware,critical-unit,120,0.002,0.9,fifo,False,RQ2_strategies,independent,4.32
140,50,2,1,6,random,critical-unit,120,0.002,0.9,fifo,False,RQ2_strategies,independent,2.7
141,50,2,1,6,criticality_first,critical-unit,120,0.002,0.9,fifo,False,RQ2_strategies,independent,2.7
142,50,2,1,6,fallback_first,critical-unit,120,0.002,0.9,fifo,False,RQ2_strategies,independent,2.7
143,50,2,1,6,capacity_aware,critical-unit,120,0.002,0.9,fifo,False,RQ2_strategies,independent,2.7
144,50,2,1,12,random,critical-unit,120,0.002,0.9,fifo,False,RQ2_strategies,independent,5.4
145,50,2,1,12,criticality_first,critical-unit,120,0.002,0.9,fifo,False,RQ2_strategies,independent,5.4
146,50,2,1,12,fallback_first,critical-unit,120,0.002,0.9,fifo,False,RQ2_strategies,independent,5.4
147,50,2,1,12,capacity_aware,critical-unit,120,0.002,0.9,fifo,False,RQ2_strategies,independent,5.4
148,50,2,2,6,random,critical-unit,120,0.002,0.9,fifo,False,RQ2_strategies,independent,5.4
149,50,2,2,6,criticality_first,critical-unit,120,0.002,0.9,fifo,False,RQ2_strategies,independent,5.4
150,50,2,2,6,fallback_first,critical-unit,120,0.002,0.9,fifo,False,RQ2_strategies,independent,5.4
151,50,2,2,6,capacity_aware,critical-unit,120,0.002,0.9,fifo,False,RQ2_strategies,independent,5.4
152,50,2,2,12,random,critical-unit,120,0.002,0.9,fifo,False,RQ2_strategies,independent,10.8
153,50,2,2,12,criticality_first,critical-unit,120,0.002,0.9,fifo,False,RQ2_strategies,independent,10.8
154,50,2,2,12,fallback_first,critical-unit,120,0.002,0.9,fifo,False,RQ2_strategies,independent,10.8
155,50,2,2,12,capacity_aware,critical-unit,120,0.002,0.9,fifo,False,RQ2_strategies,independent,10.8
156,50,5,1,6,random,critical-unit,120,0.002,0.9,fifo,False,RQ2_strategies,independent,1.08
157,50,5,1,6,criticality_first,critical-unit,120,0.002,0.9,fifo,False,RQ2_strategies,independent,1.08
158,50,5,1,6,fallback_first,critical-unit,120,0.002,0.9,fifo,False,RQ2_strategies,independent,1.08
159,50,5,1,6,capacity_aware,critical-unit,120,0.002,0.9,fifo,False,RQ2_strategies,independent,1.08
160,50,5,1,12,random,critical-unit,120,0.002,0.9,fifo,False,RQ2_strategies,independent,2.16
161,50,5,1,12,criticality_first,critical-unit,120,0.002,0.9,fifo,False,RQ2_strategies,independent,2.16
162,50,5,1,12,fallback_first,critical-unit,120,0.002,0.9,fifo,False,RQ2_strategies,independent,2.16
163,50,5,1,12,capacity_aware,critical-unit,120,0.002,0.9,fifo,False,RQ2_strategies,independent,2.16
164,50,5,2,6,random,critical-unit,120,0.002,0.9,fifo,False,RQ2_strategies,independent,2.16
165,50,5,2,6,criticality_first,critical-unit,120,0.002,0.9,fifo,False,RQ2_strategies,independent,2.16
166,50,5,2,6,fallback_first,critical-unit,120,0.002,0.9,fifo,False,RQ2_strategies,independent,2.16
167,50,5,2,6,capacity_aware,critical-unit,120,0.002,0.9,fifo,False,RQ2_strategies,independent,2.16
168,50,5,2,12,random,critical-unit,120,0.002,0.9,fifo,False,RQ2_strategies,independent,4.32
169,50,5,2,12,criticality_first,critical-unit,120,0.002,0.9,fifo,False,RQ2_strategies,independent,4.32
170,50,5,2,12,fallback_first,critical-unit,120,0.002,0.9,fifo,False,RQ2_strategies,independent,4.32
171,50,5,2,12,capacity_aware,critical-unit,120,0.002,0.9,fifo,False,RQ2_strategies,independent,4.32
172,100,2,1,6,random,critical-unit,120,0.002,0.9,fifo,False,RQ2_strategies,independent,2.7
173,100,2,1,6,criticality_first,critical-unit,120,0.002,0.9,fifo,False,RQ2_strategies,independent,2.7
174,100,2,1,6,fallback_first,critical-unit,120,0.002,0.9,fifo,False,RQ2_strategies,independent,2.7
175,100,2,1,6,capacity_aware,critical-unit,120,0.002,0.9,fifo,False,RQ2_strategies,independent,2.7
176,100,2,1,12,random,critical-unit,120,0.002,0.9,fifo,False,RQ2_strategies,independent,5.4
177,100,2,1,12,criticality_first,critical-unit,120,0.002,0.9,fifo,False,RQ2_strategies,independent,5.4
178,100,2,1,12,fallback_first,critical-unit,120,0.002,0.9,fifo,False,RQ2_strategies,independent,5.4
179,100,2,1,12,capacity_aware,critical-unit,120,0.002,0.9,fifo,False,RQ2_strategies,independent,5.4
180,100,2,2,6,random,critical-unit,120,0.002,0.9,fifo,False,RQ2_strategies,independent,5.4
181,100,2,2,6,criticality_first,critical-unit,120,0.002,0.9,fifo,False,RQ2_strategies,independent,5.4
182,100,2,2,6,fallback_first,critical-unit,120,0.002,0.9,fifo,False,RQ2_strategies,independent,5.4
183,100,2,2,6,capacity_aware,critical-unit,120,0.002,0.9,fifo,False,RQ2_strategies,independent,5.4
184,100,2,2,12,random,critical-unit,120,0.002,0.9,fifo,False,RQ2_strategies,independent,10.8
185,100,2,2,12,criticality_first,critical-unit,120,0.002,0.9,fifo,False,RQ2_strategies,independent,10.8
186,100,2,2,12,fallback_first,critical-unit,120,0.002,0.9,fifo,False,RQ2_strategies,independent,10.8
187,100,2,2,12,capacity_aware,critical-unit,120,0.002,0.9,fifo,False,RQ2_strategies,independent,10.8
188,100,5,1,6,random,critical-unit,120,0.002,0.9,fifo,False,RQ2_strategies,independent,1.08
189,100,5,1,6,criticality_first,critical-unit,120,0.002,0.9,fifo,False,RQ2_strategies,independent,1.08
190,100,5,1,6,fallback_first,critical-unit,120,0.002,0.9,fifo,False,RQ2_strategies,independent,1.08
191,100,5,1,6,capacity_aware,critical-unit,120,0.002,0.9,fifo,False,RQ2_strategies,independent,1.08
192,100,5,1,12,random,critical-unit,120,0.002,0.9,fifo,False,RQ2_strategies,independent,2.16
193,100,5,1,12,criticality_first,critical-unit,120,0.002,0.9,fifo,False,RQ2_strategies,independent,2.16
194,100,5,1,12,fallback_first,critical-unit,120,0.002,0.9,fifo,False,RQ2_strategies,independent,2.16
195,100,5,1,12,capacity_aware,critical-unit,120,0.002,0.9,fifo,False,RQ2_strategies,independent,2.16
196,100,5,2,6,random,critical-unit,120,0.002,0.9,fifo,False,RQ2_strategies,independent,2.16
197,100,5,2,6,criticality_first,critical-unit,120,0.002,0.9,fifo,False,RQ2_strategies,independent,2.16
198,100,5,2,6,fallback_first,critical-unit,120,0.002,0.9,fifo,False,RQ2_strategies,independent,2.16
199,100,5,2,6,capacity_aware,critical-unit,120,0.002,0.9,fifo,False,RQ2_strategies,independent,2.16
200,100,5,2,12,random,critical-unit,120,0.002,0.9,fifo,False,RQ2_strategies,independent,4.32
201,100,5,2,12,criticality_first,critical-unit,120,0.002,0.9,fifo,False,RQ2_strategies,independent,4.32
202,100,5,2,12,fallback_first,critical-unit,120,0.002,0.9,fifo,False,RQ2_strategies,independent,4.32
203,100,5,2,12,capacity_aware,critical-unit,120,0.002,0.9,fifo,False,RQ2_strategies,independent,4.32
204,20,2,1,8,capacity_aware,none,120,0.002,0.9,fifo,False,RQ3_dependencies,independent,3.6
205,20,2,1,8,capacity_aware,coordination,120,0.002,0.9,fifo,False,RQ3_dependencies,independent,3.6
206,20,2,1,8,capacity_aware,coverage,120,0.002,0.9,fifo,False,RQ3_dependencies,independent,3.6
207,20,2,1,8,capacity_aware,critical-unit,120,0.002,0.9,fifo,False,RQ3_dependencies,independent,3.6
208,20,2,2,8,capacity_aware,none,120,0.002,0.9,fifo,False,RQ3_dependencies,independent,7.2
209,20,2,2,8,capacity_aware,coordination,120,0.002,0.9,fifo,False,RQ3_dependencies,independent,7.2
210,20,2,2,8,capacity_aware,coverage,120,0.002,0.9,fifo,False,RQ3_dependencies,independent,7.2
211,20,2,2,8,capacity_aware,critical-unit,120,0.002,0.9,fifo,False,RQ3_dependencies,independent,7.2
212,20,5,1,8,capacity_aware,none,120,0.002,0.9,fifo,False,RQ3_dependencies,independent,1.44
213,20,5,1,8,capacity_aware,coordination,120,0.002,0.9,fifo,False,RQ3_dependencies,independent,1.44
214,20,5,1,8,capacity_aware,coverage,120,0.002,0.9,fifo,False,RQ3_dependencies,independent,1.44
215,20,5,1,8,capacity_aware,critical-unit,120,0.002,0.9,fifo,False,RQ3_dependencies,independent,1.44
216,20,5,2,8,capacity_aware,none,120,0.002,0.9,fifo,False,RQ3_dependencies,independent,2.88
217,20,5,2,8,capacity_aware,coordination,120,0.002,0.9,fifo,False,RQ3_dependencies,independent,2.88
218,20,5,2,8,capacity_aware,coverage,120,0.002,0.9,fifo,False,RQ3_dependencies,independent,2.88
219,20,5,2,8,capacity_aware,critical-unit,120,0.002,0.9,fifo,False,RQ3_dependencies,independent,2.88
220,50,2,1,8,capacity_aware,none,120,0.002,0.9,fifo,False,RQ3_dependencies,independent,3.6
221,50,2,1,8,capacity_aware,coordination,120,0.002,0.9,fifo,False,RQ3_dependencies,independent,3.6
222,50,2,1,8,capacity_aware,coverage,120,0.002,0.9,fifo,False,RQ3_dependencies,independent,3.6
223,50,2,1,8,capacity_aware,critical-unit,120,0.002,0.9,fifo,False,RQ3_dependencies,independent,3.6
224,50,2,2,8,capacity_aware,none,120,0.002,0.9,fifo,False,RQ3_dependencies,independent,7.2
225,50,2,2,8,capacity_aware,coordination,120,0.002,0.9,fifo,False,RQ3_dependencies,independent,7.2
226,50,2,2,8,capacity_aware,coverage,120,0.002,0.9,fifo,False,RQ3_dependencies,independent,7.2
227,50,2,2,8,capacity_aware,critical-unit,120,0.002,0.9,fifo,False,RQ3_dependencies,independent,7.2
228,50,5,1,8,capacity_aware,none,120,0.002,0.9,fifo,False,RQ3_dependencies,independent,1.44
229,50,5,1,8,capacity_aware,coordination,120,0.002,0.9,fifo,False,RQ3_dependencies,independent,1.44
230,50,5,1,8,capacity_aware,coverage,120,0.002,0.9,fifo,False,RQ3_dependencies,independent,1.44
231,50,5,1,8,capacity_aware,critical-unit,120,0.002,0.9,fifo,False,RQ3_dependencies,independent,1.44
232,50,5,2,8,capacity_aware,none,120,0.002,0.9,fifo,False,RQ3_dependencies,independent,2.88
233,50,5,2,8,capacity_aware,coordination,120,0.002,0.9,fifo,False,RQ3_dependencies,independent,2.88
234,50,5,2,8,capacity_aware,coverage,120,0.002,0.9,fifo,False,RQ3_dependencies,independent,2.88
235,50,5,2,8,capacity_aware,critical-unit,120,0.002,0.9,fifo,False,RQ3_dependencies,independent,2.88
236,100,2,1,8,capacity_aware,none,120,0.002,0.9,fifo,False,RQ3_dependencies,independent,3.6
237,100,2,1,8,capacity_aware,coordination,120,0.002,0.9,fifo,False,RQ3_dependencies,independent,3.6
238,100,2,1,8,capacity_aware,coverage,120,0.002,0.9,fifo,False,RQ3_dependencies,independent,3.6
239,100,2,1,8,capacity_aware,critical-unit,120,0.002,0.9,fifo,False,RQ3_dependencies,independent,3.6
240,100,2,2,8,capacity_aware,none,120,0.002,0.9,fifo,False,RQ3_dependencies,independent,7.2
241,100,2,2,8,capacity_aware,coordination,120,0.002,0.9,fifo,False,RQ3_dependencies,independent,7.2
242,100,2,2,8,capacity_aware,coverage,120,0.002,0.9,fifo,False,RQ3_dependencies,independent,7.2
243,100,2,2,8,capacity_aware,critical-unit,120,0.002,0.9,fifo,False,RQ3_dependencies,independent,7.2
244,100,5,1,8,capacity_aware,none,120,0.002,0.9,fifo,False,RQ3_dependencies,independent,1.44
245,100,5,1,8,capacity_aware,coordination,120,0.002,0.9,fifo,False,RQ3_dependencies,independent,1.44
246,100,5,1,8,capacity_aware,coverage,120,0.002,0.9,fifo,False,RQ3_dependencies,independent,1.44
247,100,5,1,8,capacity_aware,critical-unit,120,0.002,0.9,fifo,False,RQ3_dependencies,independent,1.44
248,100,5,2,8,capacity_aware,none,120,0.002,0.9,fifo,False,RQ3_dependencies,independent,2.88
249,100,5,2,8,capacity_aware,coordination,120,0.002,0.9,fifo,False,RQ3_dependencies,independent,2.88
250,100,5,2,8,capacity_aware,coverage,120,0.002,0.9,fifo,False,RQ3_dependencies,independent,2.88
251,100,5,2,8,capacity_aware,critical-unit,120,0.002,0.9,fifo,False,RQ3_dependencies,independent,2.88
252,50,1,2,4,capacity_aware,coordination,120,0.002,0.6,fifo,False,RQ4_architecture,independent,4.8
253,50,1,2,4,capacity_aware,coordination,120,0.002,0.6,fifo,True,RQ4_architecture,independent,4.8
254,50,1,2,4,capacity_aware,coordination,120,0.002,0.6,criticality,False,RQ4_architecture,independent,4.8
255,50,1,2,4,capacity_aware,coordination,120,0.002,0.6,criticality,True,RQ4_architecture,independent,4.8
256,50,1,2,4,capacity_aware,coordination,120,0.002,0.9,fifo,False,RQ4_architecture,independent,7.2
257,50,1,2,4,capacity_aware,coordination,120,0.002,0.9,fifo,True,RQ4_architecture,independent,7.2
258,50,1,2,4,capacity_aware,coordination,120,0.002,0.9,criticality,False,RQ4_architecture,independent,7.2
259,50,1,2,4,capacity_aware,coordination,120,0.002,0.9,criticality,True,RQ4_architecture,independent,7.2
260,50,1,2,8,capacity_aware,coordination,120,0.002,0.6,fifo,False,RQ4_architecture,independent,9.6
261,50,1,2,8,capacity_aware,coordination,120,0.002,0.6,fifo,True,RQ4_architecture,independent,9.6
262,50,1,2,8,capacity_aware,coordination,120,0.002,0.6,criticality,False,RQ4_architecture,independent,9.6
263,50,1,2,8,capacity_aware,coordination,120,0.002,0.6,criticality,True,RQ4_architecture,independent,9.6
264,50,1,2,8,capacity_aware,coordination,120,0.002,0.9,fifo,False,RQ4_architecture,independent,14.4
265,50,1,2,8,capacity_aware,coordination,120,0.002,0.9,fifo,True,RQ4_architecture,independent,14.4
266,50,1,2,8,capacity_aware,coordination,120,0.002,0.9,criticality,False,RQ4_architecture,independent,14.4
267,50,1,2,8,capacity_aware,coordination,120,0.002,0.9,criticality,True,RQ4_architecture,independent,14.4
268,50,1,2,12,capacity_aware,coordination,120,0.002,0.6,fifo,False,RQ4_architecture,independent,14.399999999999999
269,50,1,2,12,capacity_aware,coordination,120,0.002,0.6,fifo,True,RQ4_architecture,independent,14.399999999999999
270,50,1,2,12,capacity_aware,coordination,120,0.002,0.6,criticality,False,RQ4_architecture,independent,14.399999999999999
271,50,1,2,12,capacity_aware,coordination,120,0.002,0.6,criticality,True,RQ4_architecture,independent,14.399999999999999
272,50,1,2,12,capacity_aware,coordination,120,0.002,0.9,fifo,False,RQ4_architecture,independent,21.6
273,50,1,2,12,capacity_aware,coordination,120,0.002,0.9,fifo,True,RQ4_architecture,independent,21.6
274,50,1,2,12,capacity_aware,coordination,120,0.002,0.9,criticality,False,RQ4_architecture,independent,21.6
275,50,1,2,12,capacity_aware,coordination,120,0.002,0.9,criticality,True,RQ4_architecture,independent,21.6
276,50,3,2,4,capacity_aware,coordination,120,0.002,0.6,fifo,False,RQ4_architecture,independent,1.5999999999999999
277,50,3,2,4,capacity_aware,coordination,120,0.002,0.6,fifo,True,RQ4_architecture,independent,1.5999999999999999
278,50,3,2,4,capacity_aware,coordination,120,0.002,0.6,criticality,False,RQ4_architecture,independent,1.5999999999999999
279,50,3,2,4,capacity_aware,coordination,120,0.002,0.6,criticality,True,RQ4_architecture,independent,1.5999999999999999
280,50,3,2,4,capacity_aware,coordination,120,0.002,0.9,fifo,False,RQ4_architecture,independent,2.4
281,50,3,2,4,capacity_aware,coordination,120,0.002,0.9,fifo,True,RQ4_architecture,independent,2.4
282,50,3,2,4,capacity_aware,coordination,120,0.002,0.9,criticality,False,RQ4_architecture,independent,2.4
283,50,3,2,4,capacity_aware,coordination,120,0.002,0.9,criticality,True,RQ4_architecture,independent,2.4
284,50,3,2,8,capacity_aware,coordination,120,0.002,0.6,fifo,False,RQ4_architecture,independent,3.1999999999999997
285,50,3,2,8,capacity_aware,coordination,120,0.002,0.6,fifo,True,RQ4_architecture,independent,3.1999999999999997
286,50,3,2,8,capacity_aware,coordination,120,0.002,0.6,criticality,False,RQ4_architecture,independent,3.1999999999999997
287,50,3,2,8,capacity_aware,coordination,120,0.002,0.6,criticality,True,RQ4_architecture,independent,3.1999999999999997
288,50,3,2,8,capacity_aware,coordination,120,0.002,0.9,fifo,False,RQ4_architecture,independent,4.8
289,50,3,2,8,capacity_aware,coordination,120,0.002,0.9,fifo,True,RQ4_architecture,independent,4.8
290,50,3,2,8,capacity_aware,coordination,120,0.002,0.9,criticality,False,RQ4_architecture,independent,4.8
291,50,3,2,8,capacity_aware,coordination,120,0.002,0.9,criticality,True,RQ4_architecture,independent,4.8
292,50,3,2,12,capacity_aware,coordination,120,0.002,0.6,fifo,False,RQ4_architecture,independent,4.8
293,50,3,2,12,capacity_aware,coordination,120,0.002,0.6,fifo,True,RQ4_architecture,independent,4.8
294,50,3,2,12,capacity_aware,coordination,120,0.002,0.6,criticality,False,RQ4_architecture,independent,4.8
295,50,3,2,12,capacity_aware,coordination,120,0.002,0.6,criticality,True,RQ4_architecture,independent,4.8
296,50,3,2,12,capacity_aware,coordination,120,0.002,0.9,fifo,False,RQ4_architecture,independent,7.2
297,50,3,2,12,capacity_aware,coordination,120,0.002,0.9,fifo,True,RQ4_architecture,independent,7.2
298,50,3,2,12,capacity_aware,coordination,120,0.002,0.9,criticality,False,RQ4_architecture,independent,7.2
299,50,3,2,12,capacity_aware,coordination,120,0.002,0.9,criticality,True,RQ4_architecture,independent,7.2
300,50,5,2,4,capacity_aware,coordination,120,0.002,0.6,fifo,False,RQ4_architecture,independent,0.96
301,50,5,2,4,capacity_aware,coordination,120,0.002,0.6,fifo,True,RQ4_architecture,independent,0.96
302,50,5,2,4,capacity_aware,coordination,120,0.002,0.6,criticality,False,RQ4_architecture,independent,0.96
303,50,5,2,4,capacity_aware,coordination,120,0.002,0.6,criticality,True,RQ4_architecture,independent,0.96
304,50,5,2,4,capacity_aware,coordination,120,0.002,0.9,fifo,False,RQ4_architecture,independent,1.44
305,50,5,2,4,capacity_aware,coordination,120,0.002,0.9,fifo,True,RQ4_architecture,independent,1.44
306,50,5,2,4,capacity_aware,coordination,120,0.002,0.9,criticality,False,RQ4_architecture,independent,1.44
307,50,5,2,4,capacity_aware,coordination,120,0.002,0.9,criticality,True,RQ4_architecture,independent,1.44
308,50,5,2,8,capacity_aware,coordination,120,0.002,0.6,fifo,False,RQ4_architecture,independent,1.92
309,50,5,2,8,capacity_aware,coordination,120,0.002,0.6,fifo,True,RQ4_architecture,independent,1.92
310,50,5,2,8,capacity_aware,coordination,120,0.002,0.6,criticality,False,RQ4_architecture,independent,1.92
311,50,5,2,8,capacity_aware,coordination,120,0.002,0.6,criticality,True,RQ4_architecture,independent,1.92
312,50,5,2,8,capacity_aware,coordination,120,0.002,0.9,fifo,False,RQ4_architecture,independent,2.88
313,50,5,2,8,capacity_aware,coordination,120,0.002,0.9,fifo,True,RQ4_architecture,independent,2.88
314,50,5,2,8,capacity_aware,coordination,120,0.002,0.9,criticality,False,RQ4_architecture,independent,2.88
315,50,5,2,8,capacity_aware,coordination,120,0.002,0.9,criticality,True,RQ4_architecture,independent,2.88
316,50,5,2,12,capacity_aware,coordination,120,0.002,0.6,fifo,False,RQ4_architecture,independent,2.88
317,50,5,2,12,capacity_aware,coordination,120,0.002,0.6,fifo,True,RQ4_architecture,independent,2.88
318,50,5,2,12,capacity_aware,coordination,120,0.002,0.6,criticality,False,RQ4_architecture,independent,2.88
319,50,5,2,12,capacity_aware,coordination,120,0.002,0.6,criticality,True,RQ4_architecture,independent,2.88
320,50,5,2,12,capacity_aware,coordination,120,0.002,0.9,fifo,False,RQ4_architecture,independent,4.32
321,50,5,2,12,capacity_aware,coordination,120,0.002,0.9,fifo,True,RQ4_architecture,independent,4.32
322,50,5,2,12,capacity_aware,coordination,120,0.002,0.9,criticality,False,RQ4_architecture,independent,4.32
323,50,5,2,12,capacity_aware,coordination,120,0.002,0.9,criticality,True,RQ4_architecture,independent,4.32
324,100,1,2,4,capacity_aware,coordination,120,0.002,0.6,fifo,False,RQ4_architecture,independent,4.8
325,100,1,2,4,capacity_aware,coordination,120,0.002,0.6,fifo,True,RQ4_architecture,independent,4.8
326,100,1,2,4,capacity_aware,coordination,120,0.002,0.6,criticality,False,RQ4_architecture,independent,4.8
327,100,1,2,4,capacity_aware,coordination,120,0.002,0.6,criticality,True,RQ4_architecture,independent,4.8
328,100,1,2,4,capacity_aware,coordination,120,0.002,0.9,fifo,False,RQ4_architecture,independent,7.2
329,100,1,2,4,capacity_aware,coordination,120,0.002,0.9,fifo,True,RQ4_architecture,independent,7.2
330,100,1,2,4,capacity_aware,coordination,120,0.002,0.9,criticality,False,RQ4_architecture,independent,7.2
331,100,1,2,4,capacity_aware,coordination,120,0.002,0.9,criticality,True,RQ4_architecture,independent,7.2
332,100,1,2,8,capacity_aware,coordination,120,0.002,0.6,fifo,False,RQ4_architecture,independent,9.6
333,100,1,2,8,capacity_aware,coordination,120,0.002,0.6,fifo,True,RQ4_architecture,independent,9.6
334,100,1,2,8,capacity_aware,coordination,120,0.002,0.6,criticality,False,RQ4_architecture,independent,9.6
335,100,1,2,8,capacity_aware,coordination,120,0.002,0.6,criticality,True,RQ4_architecture,independent,9.6
336,100,1,2,8,capacity_aware,coordination,120,0.002,0.9,fifo,False,RQ4_architecture,independent,14.4
337,100,1,2,8,capacity_aware,coordination,120,0.002,0.9,fifo,True,RQ4_architecture,independent,14.4
338,100,1,2,8,capacity_aware,coordination,120,0.002,0.9,criticality,False,RQ4_architecture,independent,14.4
339,100,1,2,8,capacity_aware,coordination,120,0.002,0.9,criticality,True,RQ4_architecture,independent,14.4
340,100,1,2,12,capacity_aware,coordination,120,0.002,0.6,fifo,False,RQ4_architecture,independent,14.399999999999999
341,100,1,2,12,capacity_aware,coordination,120,0.002,0.6,fifo,True,RQ4_architecture,independent,14.399999999999999
342,100,1,2,12,capacity_aware,coordination,120,0.002,0.6,criticality,False,RQ4_architecture,independent,14.399999999999999
343,100,1,2,12,capacity_aware,coordination,120,0.002,0.6,criticality,True,RQ4_architecture,independent,14.399999999999999
344,100,1,2,12,capacity_aware,coordination,120,0.002,0.9,fifo,False,RQ4_architecture,independent,21.6
345,100,1,2,12,capacity_aware,coordination,120,0.002,0.9,fifo,True,RQ4_architecture,independent,21.6
346,100,1,2,12,capacity_aware,coordination,120,0.002,0.9,criticality,False,RQ4_architecture,independent,21.6
347,100,1,2,12,capacity_aware,coordination,120,0.002,0.9,criticality,True,RQ4_architecture,independent,21.6
348,100,3,2,4,capacity_aware,coordination,120,0.002,0.6,fifo,False,RQ4_architecture,independent,1.5999999999999999
349,100,3,2,4,capacity_aware,coordination,120,0.002,0.6,fifo,True,RQ4_architecture,independent,1.5999999999999999
350,100,3,2,4,capacity_aware,coordination,120,0.002,0.6,criticality,False,RQ4_architecture,independent,1.5999999999999999
351,100,3,2,4,capacity_aware,coordination,120,0.002,0.6,criticality,True,RQ4_architecture,independent,1.5999999999999999
352,100,3,2,4,capacity_aware,coordination,120,0.002,0.9,fifo,False,RQ4_architecture,independent,2.4
353,100,3,2,4,capacity_aware,coordination,120,0.002,0.9,fifo,True,RQ4_architecture,independent,2.4
354,100,3,2,4,capacity_aware,coordination,120,0.002,0.9,criticality,False,RQ4_architecture,independent,2.4
355,100,3,2,4,capacity_aware,coordination,120,0.002,0.9,criticality,True,RQ4_architecture,independent,2.4
356,100,3,2,8,capacity_aware,coordination,120,0.002,0.6,fifo,False,RQ4_architecture,independent,3.1999999999999997
357,100,3,2,8,capacity_aware,coordination,120,0.002,0.6,fifo,True,RQ4_architecture,independent,3.1999999999999997
358,100,3,2,8,capacity_aware,coordination,120,0.002,0.6,criticality,False,RQ4_architecture,independent,3.1999999999999997
359,100,3,2,8,capacity_aware,coordination,120,0.002,0.6,criticality,True,RQ4_architecture,independent,3.1999999999999997
360,100,3,2,8,capacity_aware,coordination,120,0.002,0.9,fifo,False,RQ4_architecture,independent,4.8
361,100,3,2,8,capacity_aware,coordination,120,0.002,0.9,fifo,True,RQ4_architecture,independent,4.8
362,100,3,2,8,capacity_aware,coordination,120,0.002,0.9,criticality,False,RQ4_architecture,independent,4.8
363,100,3,2,8,capacity_aware,coordination,120,0.002,0.9,criticality,True,RQ4_architecture,independent,4.8
364,100,3,2,12,capacity_aware,coordination,120,0.002,0.6,fifo,False,RQ4_architecture,independent,4.8
365,100,3,2,12,capacity_aware,coordination,120,0.002,0.6,fifo,True,RQ4_architecture,independent,4.8
366,100,3,2,12,capacity_aware,coordination,120,0.002,0.6,criticality,False,RQ4_architecture,independent,4.8
367,100,3,2,12,capacity_aware,coordination,120,0.002,0.6,criticality,True,RQ4_architecture,independent,4.8
368,100,3,2,12,capacity_aware,coordination,120,0.002,0.9,fifo,False,RQ4_architecture,independent,7.2
369,100,3,2,12,capacity_aware,coordination,120,0.002,0.9,fifo,True,RQ4_architecture,independent,7.2
370,100,3,2,12,capacity_aware,coordination,120,0.002,0.9,criticality,False,RQ4_architecture,independent,7.2
371,100,3,2,12,capacity_aware,coordination,120,0.002,0.9,criticality,True,RQ4_architecture,independent,7.2
372,100,5,2,4,capacity_aware,coordination,120,0.002,0.6,fifo,False,RQ4_architecture,independent,0.96
373,100,5,2,4,capacity_aware,coordination,120,0.002,0.6,fifo,True,RQ4_architecture,independent,0.96
374,100,5,2,4,capacity_aware,coordination,120,0.002,0.6,criticality,False,RQ4_architecture,independent,0.96
375,100,5,2,4,capacity_aware,coordination,120,0.002,0.6,criticality,True,RQ4_architecture,independent,0.96
376,100,5,2,4,capacity_aware,coordination,120,0.002,0.9,fifo,False,RQ4_architecture,independent,1.44
377,100,5,2,4,capacity_aware,coordination,120,0.002,0.9,fifo,True,RQ4_architecture,independent,1.44
378,100,5,2,4,capacity_aware,coordination,120,0.002,0.9,criticality,False,RQ4_architecture,independent,1.44
379,100,5,2,4,capacity_aware,coordination,120,0.002,0.9,criticality,True,RQ4_architecture,independent,1.44
380,100,5,2,8,capacity_aware,coordination,120,0.002,0.6,fifo,False,RQ4_architecture,independent,1.92
381,100,5,2,8,capacity_aware,coordination,120,0.002,0.6,fifo,True,RQ4_architecture,independent,1.92
382,100,5,2,8,capacity_aware,coordination,120,0.002,0.6,criticality,False,RQ4_architecture,independent,1.92
383,100,5,2,8,capacity_aware,coordination,120,0.002,0.6,criticality,True,RQ4_architecture,independent,1.92
384,100,5,2,8,capacity_aware,coordination,120,0.002,0.9,fifo,False,RQ4_architecture,independent,2.88
385,100,5,2,8,capacity_aware,coordination,120,0.002,0.9,fifo,True,RQ4_architecture,independent,2.88
386,100,5,2,8,capacity_aware,coordination,120,0.002,0.9,criticality,False,RQ4_architecture,independent,2.88
387,100,5,2,8,capacity_aware,coordination,120,0.002,0.9,criticality,True,RQ4_architecture,independent,2.88
388,100,5,2,12,capacity_aware,coordination,120,0.002,0.6,fifo,False,RQ4_architecture,independent,2.88
389,100,5,2,12,capacity_aware,coordination,120,0.002,0.6,fifo,True,RQ4_architecture,independent,2.88
390,100,5,2,12,capacity_aware,coordination,120,0.002,0.6,criticality,False,RQ4_architecture,independent,2.88
391,100,5,2,12,capacity_aware,coordination,120,0.002,0.6,criticality,True,RQ4_architecture,independent,2.88
392,100,5,2,12,capacity_aware,coordination,120,0.002,0.9,fifo,False,RQ4_architecture,independent,4.32
393,100,5,2,12,capacity_aware,coordination,120,0.002,0.9,fifo,True,RQ4_architecture,independent,4.32
394,100,5,2,12,capacity_aware,coordination,120,0.002,0.9,criticality,False,RQ4_architecture,independent,4.32
395,100,5,2,12,capacity_aware,coordination,120,0.002,0.9,criticality,True,RQ4_architecture,independent,4.32
396,20,1,1,6,fallback_first,none,120,0.002,0.0,fifo,False,RQ1_threshold,common,0.0
397,20,1,1,6,fallback_first,none,120,0.002,0.025,fifo,False,RQ1_threshold,common,0.15000000000000002
398,20,1,1,6,fallback_first,none,120,0.002,0.05,fifo,False,RQ1_threshold,common,0.30000000000000004
399,20,1,1,6,fallback_first,none,120,0.002,0.075,fifo,False,RQ1_threshold,common,0.44999999999999996
400,20,1,1,6,fallback_first,none,120,0.002,0.1,fifo,False,RQ1_threshold,common,0.6000000000000001
401,20,1,1,6,fallback_first,none,120,0.002,0.15,fifo,False,RQ1_threshold,common,0.8999999999999999
402,20,1,1,6,fallback_first,none,120,0.002,0.2,fifo,False,RQ1_threshold,common,1.2000000000000002
403,20,1,1,6,fallback_first,none,120,0.002,0.3,fifo,False,RQ1_threshold,common,1.7999999999999998
404,20,1,1,6,fallback_first,none,120,0.002,0.4,fifo,False,RQ1_threshold,common,2.4000000000000004
405,20,1,1,6,fallback_first,none,120,0.002,0.5,fifo,False,RQ1_threshold,common,3.0
406,20,1,1,6,fallback_first,none,120,0.002,0.6,fifo,False,RQ1_threshold,common,3.5999999999999996
407,20,1,1,6,fallback_first,none,120,0.002,0.75,fifo,False,RQ1_threshold,common,4.5
408,20,1,1,6,fallback_first,none,120,0.002,0.9,fifo,False,RQ1_threshold,common,5.4
409,20,1,1,12,fallback_first,none,120,0.002,0.0,fifo,False,RQ1_threshold,common,0.0
410,20,1,1,12,fallback_first,none,120,0.002,0.025,fifo,False,RQ1_threshold,common,0.30000000000000004
411,20,1,1,12,fallback_first,none,120,0.002,0.05,fifo,False,RQ1_threshold,common,0.6000000000000001
412,20,1,1,12,fallback_first,none,120,0.002,0.075,fifo,False,RQ1_threshold,common,0.8999999999999999
413,20,1,1,12,fallback_first,none,120,0.002,0.1,fifo,False,RQ1_threshold,common,1.2000000000000002
414,20,1,1,12,fallback_first,none,120,0.002,0.15,fifo,False,RQ1_threshold,common,1.7999999999999998
415,20,1,1,12,fallback_first,none,120,0.002,0.2,fifo,False,RQ1_threshold,common,2.4000000000000004
416,20,1,1,12,fallback_first,none,120,0.002,0.3,fifo,False,RQ1_threshold,common,3.5999999999999996
417,20,1,1,12,fallback_first,none,120,0.002,0.4,fifo,False,RQ1_threshold,common,4.800000000000001
418,20,1,1,12,fallback_first,none,120,0.002,0.5,fifo,False,RQ1_threshold,common,6.0
419,20,1,1,12,fallback_first,none,120,0.002,0.6,fifo,False,RQ1_threshold,common,7.199999999999999
420,20,1,1,12,fallback_first,none,120,0.002,0.75,fifo,False,RQ1_threshold,common,9.0
421,20,1,1,12,fallback_first,none,120,0.002,0.9,fifo,False,RQ1_threshold,common,10.8
422,20,3,1,6,fallback_first,none,120,0.002,0.0,fifo,False,RQ1_threshold,common,0.0
423,20,3,1,6,fallback_first,none,120,0.002,0.025,fifo,False,RQ1_threshold,common,0.05000000000000001
424,20,3,1,6,fallback_first,none,120,0.002,0.05,fifo,False,RQ1_threshold,common,0.10000000000000002
425,20,3,1,6,fallback_first,none,120,0.002,0.075,fifo,False,RQ1_threshold,common,0.15
426,20,3,1,6,fallback_first,none,120,0.002,0.1,fifo,False,RQ1_threshold,common,0.20000000000000004
427,20,3,1,6,fallback_first,none,120,0.002,0.15,fifo,False,RQ1_threshold,common,0.3
428,20,3,1,6,fallback_first,none,120,0.002,0.2,fifo,False,RQ1_threshold,common,0.4000000000000001
429,20,3,1,6,fallback_first,none,120,0.002,0.3,fifo,False,RQ1_threshold,common,0.6
430,20,3,1,6,fallback_first,none,120,0.002,0.4,fifo,False,RQ1_threshold,common,0.8000000000000002
431,20,3,1,6,fallback_first,none,120,0.002,0.5,fifo,False,RQ1_threshold,common,1.0
432,20,3,1,6,fallback_first,none,120,0.002,0.6,fifo,False,RQ1_threshold,common,1.2
433,20,3,1,6,fallback_first,none,120,0.002,0.75,fifo,False,RQ1_threshold,common,1.5
434,20,3,1,6,fallback_first,none,120,0.002,0.9,fifo,False,RQ1_threshold,common,1.8
435,20,3,1,12,fallback_first,none,120,0.002,0.0,fifo,False,RQ1_threshold,common,0.0
436,20,3,1,12,fallback_first,none,120,0.002,0.025,fifo,False,RQ1_threshold,common,0.10000000000000002
437,20,3,1,12,fallback_first,none,120,0.002,0.05,fifo,False,RQ1_threshold,common,0.20000000000000004
438,20,3,1,12,fallback_first,none,120,0.002,0.075,fifo,False,RQ1_threshold,common,0.3
439,20,3,1,12,fallback_first,none,120,0.002,0.1,fifo,False,RQ1_threshold,common,0.4000000000000001
440,20,3,1,12,fallback_first,none,120,0.002,0.15,fifo,False,RQ1_threshold,common,0.6
441,20,3,1,12,fallback_first,none,120,0.002,0.2,fifo,False,RQ1_threshold,common,0.8000000000000002
442,20,3,1,12,fallback_first,none,120,0.002,0.3,fifo,False,RQ1_threshold,common,1.2
443,20,3,1,12,fallback_first,none,120,0.002,0.4,fifo,False,RQ1_threshold,common,1.6000000000000003
444,20,3,1,12,fallback_first,none,120,0.002,0.5,fifo,False,RQ1_threshold,common,2.0
445,20,3,1,12,fallback_first,none,120,0.002,0.6,fifo,False,RQ1_threshold,common,2.4
446,20,3,1,12,fallback_first,none,120,0.002,0.75,fifo,False,RQ1_threshold,common,3.0
447,20,3,1,12,fallback_first,none,120,0.002,0.9,fifo,False,RQ1_threshold,common,3.6
448,20,5,1,6,fallback_first,none,120,0.002,0.0,fifo,False,RQ1_threshold,common,0.0
449,20,5,1,6,fallback_first,none,120,0.002,0.025,fifo,False,RQ1_threshold,common,0.030000000000000006
450,20,5,1,6,fallback_first,none,120,0.002,0.05,fifo,False,RQ1_threshold,common,0.06000000000000001
451,20,5,1,6,fallback_first,none,120,0.002,0.075,fifo,False,RQ1_threshold,common,0.09
452,20,5,1,6,fallback_first,none,120,0.002,0.1,fifo,False,RQ1_threshold,common,0.12000000000000002
453,20,5,1,6,fallback_first,none,120,0.002,0.15,fifo,False,RQ1_threshold,common,0.18
454,20,5,1,6,fallback_first,none,120,0.002,0.2,fifo,False,RQ1_threshold,common,0.24000000000000005
455,20,5,1,6,fallback_first,none,120,0.002,0.3,fifo,False,RQ1_threshold,common,0.36
456,20,5,1,6,fallback_first,none,120,0.002,0.4,fifo,False,RQ1_threshold,common,0.4800000000000001
457,20,5,1,6,fallback_first,none,120,0.002,0.5,fifo,False,RQ1_threshold,common,0.6
458,20,5,1,6,fallback_first,none,120,0.002,0.6,fifo,False,RQ1_threshold,common,0.72
459,20,5,1,6,fallback_first,none,120,0.002,0.75,fifo,False,RQ1_threshold,common,0.9
460,20,5,1,6,fallback_first,none,120,0.002,0.9,fifo,False,RQ1_threshold,common,1.08
461,20,5,1,12,fallback_first,none,120,0.002,0.0,fifo,False,RQ1_threshold,common,0.0
462,20,5,1,12,fallback_first,none,120,0.002,0.025,fifo,False,RQ1_threshold,common,0.06000000000000001
463,20,5,1,12,fallback_first,none,120,0.002,0.05,fifo,False,RQ1_threshold,common,0.12000000000000002
464,20,5,1,12,fallback_first,none,120,0.002,0.075,fifo,False,RQ1_threshold,common,0.18
465,20,5,1,12,fallback_first,none,120,0.002,0.1,fifo,False,RQ1_threshold,common,0.24000000000000005
466,20,5,1,12,fallback_first,none,120,0.002,0.15,fifo,False,RQ1_threshold,common,0.36
467,20,5,1,12,fallback_first,none,120,0.002,0.2,fifo,False,RQ1_threshold,common,0.4800000000000001
468,20,5,1,12,fallback_first,none,120,0.002,0.3,fifo,False,RQ1_threshold,common,0.72
469,20,5,1,12,fallback_first,none,120,0.002,0.4,fifo,False,RQ1_threshold,common,0.9600000000000002
470,20,5,1,12,fallback_first,none,120,0.002,0.5,fifo,False,RQ1_threshold,common,1.2
471,20,5,1,12,fallback_first,none,120,0.002,0.6,fifo,False,RQ1_threshold,common,1.44
472,20,5,1,12,fallback_first,none,120,0.002,0.75,fifo,False,RQ1_threshold,common,1.8
473,20,5,1,12,fallback_first,none,120,0.002,0.9,fifo,False,RQ1_threshold,common,2.16
474,50,1,1,6,fallback_first,none,120,0.002,0.0,fifo,False,RQ1_threshold,common,0.0
475,50,1,1,6,fallback_first,none,120,0.002,0.025,fifo,False,RQ1_threshold,common,0.15000000000000002
476,50,1,1,6,fallback_first,none,120,0.002,0.05,fifo,False,RQ1_threshold,common,0.30000000000000004
477,50,1,1,6,fallback_first,none,120,0.002,0.075,fifo,False,RQ1_threshold,common,0.44999999999999996
478,50,1,1,6,fallback_first,none,120,0.002,0.1,fifo,False,RQ1_threshold,common,0.6000000000000001
479,50,1,1,6,fallback_first,none,120,0.002,0.15,fifo,False,RQ1_threshold,common,0.8999999999999999
480,50,1,1,6,fallback_first,none,120,0.002,0.2,fifo,False,RQ1_threshold,common,1.2000000000000002
481,50,1,1,6,fallback_first,none,120,0.002,0.3,fifo,False,RQ1_threshold,common,1.7999999999999998
482,50,1,1,6,fallback_first,none,120,0.002,0.4,fifo,False,RQ1_threshold,common,2.4000000000000004
483,50,1,1,6,fallback_first,none,120,0.002,0.5,fifo,False,RQ1_threshold,common,3.0
484,50,1,1,6,fallback_first,none,120,0.002,0.6,fifo,False,RQ1_threshold,common,3.5999999999999996
485,50,1,1,6,fallback_first,none,120,0.002,0.75,fifo,False,RQ1_threshold,common,4.5
486,50,1,1,6,fallback_first,none,120,0.002,0.9,fifo,False,RQ1_threshold,common,5.4
487,50,1,1,12,fallback_first,none,120,0.002,0.0,fifo,False,RQ1_threshold,common,0.0
488,50,1,1,12,fallback_first,none,120,0.002,0.025,fifo,False,RQ1_threshold,common,0.30000000000000004
489,50,1,1,12,fallback_first,none,120,0.002,0.05,fifo,False,RQ1_threshold,common,0.6000000000000001
490,50,1,1,12,fallback_first,none,120,0.002,0.075,fifo,False,RQ1_threshold,common,0.8999999999999999
491,50,1,1,12,fallback_first,none,120,0.002,0.1,fifo,False,RQ1_threshold,common,1.2000000000000002
492,50,1,1,12,fallback_first,none,120,0.002,0.15,fifo,False,RQ1_threshold,common,1.7999999999999998
493,50,1,1,12,fallback_first,none,120,0.002,0.2,fifo,False,RQ1_threshold,common,2.4000000000000004
494,50,1,1,12,fallback_first,none,120,0.002,0.3,fifo,False,RQ1_threshold,common,3.5999999999999996
495,50,1,1,12,fallback_first,none,120,0.002,0.4,fifo,False,RQ1_threshold,common,4.800000000000001
496,50,1,1,12,fallback_first,none,120,0.002,0.5,fifo,False,RQ1_threshold,common,6.0
497,50,1,1,12,fallback_first,none,120,0.002,0.6,fifo,False,RQ1_threshold,common,7.199999999999999
498,50,1,1,12,fallback_first,none,120,0.002,0.75,fifo,False,RQ1_threshold,common,9.0
499,50,1,1,12,fallback_first,none,120,0.002,0.9,fifo,False,RQ1_threshold,common,10.8
500,50,3,1,6,fallback_first,none,120,0.002,0.0,fifo,False,RQ1_threshold,common,0.0
501,50,3,1,6,fallback_first,none,120,0.002,0.025,fifo,False,RQ1_threshold,common,0.05000000000000001
502,50,3,1,6,fallback_first,none,120,0.002,0.05,fifo,False,RQ1_threshold,common,0.10000000000000002
503,50,3,1,6,fallback_first,none,120,0.002,0.075,fifo,False,RQ1_threshold,common,0.15
504,50,3,1,6,fallback_first,none,120,0.002,0.1,fifo,False,RQ1_threshold,common,0.20000000000000004
505,50,3,1,6,fallback_first,none,120,0.002,0.15,fifo,False,RQ1_threshold,common,0.3
506,50,3,1,6,fallback_first,none,120,0.002,0.2,fifo,False,RQ1_threshold,common,0.4000000000000001
507,50,3,1,6,fallback_first,none,120,0.002,0.3,fifo,False,RQ1_threshold,common,0.6
508,50,3,1,6,fallback_first,none,120,0.002,0.4,fifo,False,RQ1_threshold,common,0.8000000000000002
509,50,3,1,6,fallback_first,none,120,0.002,0.5,fifo,False,RQ1_threshold,common,1.0
510,50,3,1,6,fallback_first,none,120,0.002,0.6,fifo,False,RQ1_threshold,common,1.2
511,50,3,1,6,fallback_first,none,120,0.002,0.75,fifo,False,RQ1_threshold,common,1.5
512,50,3,1,6,fallback_first,none,120,0.002,0.9,fifo,False,RQ1_threshold,common,1.8
513,50,3,1,12,fallback_first,none,120,0.002,0.0,fifo,False,RQ1_threshold,common,0.0
514,50,3,1,12,fallback_first,none,120,0.002,0.025,fifo,False,RQ1_threshold,common,0.10000000000000002
515,50,3,1,12,fallback_first,none,120,0.002,0.05,fifo,False,RQ1_threshold,common,0.20000000000000004
516,50,3,1,12,fallback_first,none,120,0.002,0.075,fifo,False,RQ1_threshold,common,0.3
517,50,3,1,12,fallback_first,none,120,0.002,0.1,fifo,False,RQ1_threshold,common,0.4000000000000001
518,50,3,1,12,fallback_first,none,120,0.002,0.15,fifo,False,RQ1_threshold,common,0.6
519,50,3,1,12,fallback_first,none,120,0.002,0.2,fifo,False,RQ1_threshold,common,0.8000000000000002
520,50,3,1,12,fallback_first,none,120,0.002,0.3,fifo,False,RQ1_threshold,common,1.2
521,50,3,1,12,fallback_first,none,120,0.002,0.4,fifo,False,RQ1_threshold,common,1.6000000000000003
522,50,3,1,12,fallback_first,none,120,0.002,0.5,fifo,False,RQ1_threshold,common,2.0
523,50,3,1,12,fallback_first,none,120,0.002,0.6,fifo,False,RQ1_threshold,common,2.4
524,50,3,1,12,fallback_first,none,120,0.002,0.75,fifo,False,RQ1_threshold,common,3.0
525,50,3,1,12,fallback_first,none,120,0.002,0.9,fifo,False,RQ1_threshold,common,3.6
526,50,5,1,6,fallback_first,none,120,0.002,0.0,fifo,False,RQ1_threshold,common,0.0
527,50,5,1,6,fallback_first,none,120,0.002,0.025,fifo,False,RQ1_threshold,common,0.030000000000000006
528,50,5,1,6,fallback_first,none,120,0.002,0.05,fifo,False,RQ1_threshold,common,0.06000000000000001
529,50,5,1,6,fallback_first,none,120,0.002,0.075,fifo,False,RQ1_threshold,common,0.09
530,50,5,1,6,fallback_first,none,120,0.002,0.1,fifo,False,RQ1_threshold,common,0.12000000000000002
531,50,5,1,6,fallback_first,none,120,0.002,0.15,fifo,False,RQ1_threshold,common,0.18
532,50,5,1,6,fallback_first,none,120,0.002,0.2,fifo,False,RQ1_threshold,common,0.24000000000000005
533,50,5,1,6,fallback_first,none,120,0.002,0.3,fifo,False,RQ1_threshold,common,0.36
534,50,5,1,6,fallback_first,none,120,0.002,0.4,fifo,False,RQ1_threshold,common,0.4800000000000001
535,50,5,1,6,fallback_first,none,120,0.002,0.5,fifo,False,RQ1_threshold,common,0.6
536,50,5,1,6,fallback_first,none,120,0.002,0.6,fifo,False,RQ1_threshold,common,0.72
537,50,5,1,6,fallback_first,none,120,0.002,0.75,fifo,False,RQ1_threshold,common,0.9
538,50,5,1,6,fallback_first,none,120,0.002,0.9,fifo,False,RQ1_threshold,common,1.08
539,50,5,1,12,fallback_first,none,120,0.002,0.0,fifo,False,RQ1_threshold,common,0.0
540,50,5,1,12,fallback_first,none,120,0.002,0.025,fifo,False,RQ1_threshold,common,0.06000000000000001
541,50,5,1,12,fallback_first,none,120,0.002,0.05,fifo,False,RQ1_threshold,common,0.12000000000000002
542,50,5,1,12,fallback_first,none,120,0.002,0.075,fifo,False,RQ1_threshold,common,0.18
543,50,5,1,12,fallback_first,none,120,0.002,0.1,fifo,False,RQ1_threshold,common,0.24000000000000005
544,50,5,1,12,fallback_first,none,120,0.002,0.15,fifo,False,RQ1_threshold,common,0.36
545,50,5,1,12,fallback_first,none,120,0.002,0.2,fifo,False,RQ1_threshold,common,0.4800000000000001
546,50,5,1,12,fallback_first,none,120,0.002,0.3,fifo,False,RQ1_threshold,common,0.72
547,50,5,1,12,fallback_first,none,120,0.002,0.4,fifo,False,RQ1_threshold,common,0.9600000000000002
548,50,5,1,12,fallback_first,none,120,0.002,0.5,fifo,False,RQ1_threshold,common,1.2
549,50,5,1,12,fallback_first,none,120,0.002,0.6,fifo,False,RQ1_threshold,common,1.44
550,50,5,1,12,fallback_first,none,120,0.002,0.75,fifo,False,RQ1_threshold,common,1.8
551,50,5,1,12,fallback_first,none,120,0.002,0.9,fifo,False,RQ1_threshold,common,2.16
552,100,1,1,6,fallback_first,none,120,0.002,0.0,fifo,False,RQ1_threshold,common,0.0
553,100,1,1,6,fallback_first,none,120,0.002,0.025,fifo,False,RQ1_threshold,common,0.15000000000000002
554,100,1,1,6,fallback_first,none,120,0.002,0.05,fifo,False,RQ1_threshold,common,0.30000000000000004
555,100,1,1,6,fallback_first,none,120,0.002,0.075,fifo,False,RQ1_threshold,common,0.44999999999999996
556,100,1,1,6,fallback_first,none,120,0.002,0.1,fifo,False,RQ1_threshold,common,0.6000000000000001
557,100,1,1,6,fallback_first,none,120,0.002,0.15,fifo,False,RQ1_threshold,common,0.8999999999999999
558,100,1,1,6,fallback_first,none,120,0.002,0.2,fifo,False,RQ1_threshold,common,1.2000000000000002
559,100,1,1,6,fallback_first,none,120,0.002,0.3,fifo,False,RQ1_threshold,common,1.7999999999999998
560,100,1,1,6,fallback_first,none,120,0.002,0.4,fifo,False,RQ1_threshold,common,2.4000000000000004
561,100,1,1,6,fallback_first,none,120,0.002,0.5,fifo,False,RQ1_threshold,common,3.0
562,100,1,1,6,fallback_first,none,120,0.002,0.6,fifo,False,RQ1_threshold,common,3.5999999999999996
563,100,1,1,6,fallback_first,none,120,0.002,0.75,fifo,False,RQ1_threshold,common,4.5
564,100,1,1,6,fallback_first,none,120,0.002,0.9,fifo,False,RQ1_threshold,common,5.4
565,100,1,1,12,fallback_first,none,120,0.002,0.0,fifo,False,RQ1_threshold,common,0.0
566,100,1,1,12,fallback_first,none,120,0.002,0.025,fifo,False,RQ1_threshold,common,0.30000000000000004
567,100,1,1,12,fallback_first,none,120,0.002,0.05,fifo,False,RQ1_threshold,common,0.6000000000000001
568,100,1,1,12,fallback_first,none,120,0.002,0.075,fifo,False,RQ1_threshold,common,0.8999999999999999
569,100,1,1,12,fallback_first,none,120,0.002,0.1,fifo,False,RQ1_threshold,common,1.2000000000000002
570,100,1,1,12,fallback_first,none,120,0.002,0.15,fifo,False,RQ1_threshold,common,1.7999999999999998
571,100,1,1,12,fallback_first,none,120,0.002,0.2,fifo,False,RQ1_threshold,common,2.4000000000000004
572,100,1,1,12,fallback_first,none,120,0.002,0.3,fifo,False,RQ1_threshold,common,3.5999999999999996
573,100,1,1,12,fallback_first,none,120,0.002,0.4,fifo,False,RQ1_threshold,common,4.800000000000001
574,100,1,1,12,fallback_first,none,120,0.002,0.5,fifo,False,RQ1_threshold,common,6.0
575,100,1,1,12,fallback_first,none,120,0.002,0.6,fifo,False,RQ1_threshold,common,7.199999999999999
576,100,1,1,12,fallback_first,none,120,0.002,0.75,fifo,False,RQ1_threshold,common,9.0
577,100,1,1,12,fallback_first,none,120,0.002,0.9,fifo,False,RQ1_threshold,common,10.8
578,100,3,1,6,fallback_first,none,120,0.002,0.0,fifo,False,RQ1_threshold,common,0.0
579,100,3,1,6,fallback_first,none,120,0.002,0.025,fifo,False,RQ1_threshold,common,0.05000000000000001
580,100,3,1,6,fallback_first,none,120,0.002,0.05,fifo,False,RQ1_threshold,common,0.10000000000000002
581,100,3,1,6,fallback_first,none,120,0.002,0.075,fifo,False,RQ1_threshold,common,0.15
582,100,3,1,6,fallback_first,none,120,0.002,0.1,fifo,False,RQ1_threshold,common,0.20000000000000004
583,100,3,1,6,fallback_first,none,120,0.002,0.15,fifo,False,RQ1_threshold,common,0.3
584,100,3,1,6,fallback_first,none,120,0.002,0.2,fifo,False,RQ1_threshold,common,0.4000000000000001
585,100,3,1,6,fallback_first,none,120,0.002,0.3,fifo,False,RQ1_threshold,common,0.6
586,100,3,1,6,fallback_first,none,120,0.002,0.4,fifo,False,RQ1_threshold,common,0.8000000000000002
587,100,3,1,6,fallback_first,none,120,0.002,0.5,fifo,False,RQ1_threshold,common,1.0
588,100,3,1,6,fallback_first,none,120,0.002,0.6,fifo,False,RQ1_threshold,common,1.2
589,100,3,1,6,fallback_first,none,120,0.002,0.75,fifo,False,RQ1_threshold,common,1.5
590,100,3,1,6,fallback_first,none,120,0.002,0.9,fifo,False,RQ1_threshold,common,1.8
591,100,3,1,12,fallback_first,none,120,0.002,0.0,fifo,False,RQ1_threshold,common,0.0
592,100,3,1,12,fallback_first,none,120,0.002,0.025,fifo,False,RQ1_threshold,common,0.10000000000000002
593,100,3,1,12,fallback_first,none,120,0.002,0.05,fifo,False,RQ1_threshold,common,0.20000000000000004
594,100,3,1,12,fallback_first,none,120,0.002,0.075,fifo,False,RQ1_threshold,common,0.3
595,100,3,1,12,fallback_first,none,120,0.002,0.1,fifo,False,RQ1_threshold,common,0.4000000000000001
596,100,3,1,12,fallback_first,none,120,0.002,0.15,fifo,False,RQ1_threshold,common,0.6
597,100,3,1,12,fallback_first,none,120,0.002,0.2,fifo,False,RQ1_threshold,common,0.8000000000000002
598,100,3,1,12,fallback_first,none,120,0.002,0.3,fifo,False,RQ1_threshold,common,1.2
599,100,3,1,12,fallback_first,none,120,0.002,0.4,fifo,False,RQ1_threshold,common,1.6000000000000003
600,100,3,1,12,fallback_first,none,120,0.002,0.5,fifo,False,RQ1_threshold,common,2.0
601,100,3,1,12,fallback_first,none,120,0.002,0.6,fifo,False,RQ1_threshold,common,2.4
602,100,3,1,12,fallback_first,none,120,0.002,0.75,fifo,False,RQ1_threshold,common,3.0
603,100,3,1,12,fallback_first,none,120,0.002,0.9,fifo,False,RQ1_threshold,common,3.6
604,100,5,1,6,fallback_first,none,120,0.002,0.0,fifo,False,RQ1_threshold,common,0.0
605,100,5,1,6,fallback_first,none,120,0.002,0.025,fifo,False,RQ1_threshold,common,0.030000000000000006
606,100,5,1,6,fallback_first,none,120,0.002,0.05,fifo,False,RQ1_threshold,common,0.06000000000000001
607,100,5,1,6,fallback_first,none,120,0.002,0.075,fifo,False,RQ1_threshold,common,0.09
608,100,5,1,6,fallback_first,none,120,0.002,0.1,fifo,False,RQ1_threshold,common,0.12000000000000002
609,100,5,1,6,fallback_first,none,120,0.002,0.15,fifo,False,RQ1_threshold,common,0.18
610,100,5,1,6,fallback_first,none,120,0.002,0.2,fifo,False,RQ1_threshold,common,0.24000000000000005
611,100,5,1,6,fallback_first,none,120,0.002,0.3,fifo,False,RQ1_threshold,common,0.36
612,100,5,1,6,fallback_first,none,120,0.002,0.4,fifo,False,RQ1_threshold,common,0.4800000000000001
613,100,5,1,6,fallback_first,none,120,0.002,0.5,fifo,False,RQ1_threshold,common,0.6
614,100,5,1,6,fallback_first,none,120,0.002,0.6,fifo,False,RQ1_threshold,common,0.72
615,100,5,1,6,fallback_first,none,120,0.002,0.75,fifo,False,RQ1_threshold,common,0.9
616,100,5,1,6,fallback_first,none,120,0.002,0.9,fifo,False,RQ1_threshold,common,1.08
617,100,5,1,12,fallback_first,none,120,0.002,0.0,fifo,False,RQ1_threshold,common,0.0
618,100,5,1,12,fallback_first,none,120,0.002,0.025,fifo,False,RQ1_threshold,common,0.06000000000000001
619,100,5,1,12,fallback_first,none,120,0.002,0.05,fifo,False,RQ1_threshold,common,0.12000000000000002
620,100,5,1,12,fallback_first,none,120,0.002,0.075,fifo,False,RQ1_threshold,common,0.18
621,100,5,1,12,fallback_first,none,120,0.002,0.1,fifo,False,RQ1_threshold,common,0.24000000000000005
622,100,5,1,12,fallback_first,none,120,0.002,0.15,fifo,False,RQ1_threshold,common,0.36
623,100,5,1,12,fallback_first,none,120,0.002,0.2,fifo,False,RQ1_threshold,common,0.4800000000000001
624,100,5,1,12,fallback_first,none,120,0.002,0.3,fifo,False,RQ1_threshold,common,0.72
625,100,5,1,12,fallback_first,none,120,0.002,0.4,fifo,False,RQ1_threshold,common,0.9600000000000002
626,100,5,1,12,fallback_first,none,120,0.002,0.5,fifo,False,RQ1_threshold,common,1.2
627,100,5,1,12,fallback_first,none,120,0.002,0.6,fifo,False,RQ1_threshold,common,1.44
628,100,5,1,12,fallback_first,none,120,0.002,0.75,fifo,False,RQ1_threshold,common,1.8
629,100,5,1,12,fallback_first,none,120,0.002,0.9,fifo,False,RQ1_threshold,common,2.16
630,50,2,1,6,capacity_aware,critical-unit,120,0.002,0.1,fifo,False,RQ4_priority,common,0.30000000000000004
631,50,2,1,6,capacity_aware,critical-unit,120,0.002,0.1,criticality,False,RQ4_priority,common,0.30000000000000004
632,50,2,1,6,capacity_aware,critical-unit,120,0.002,0.2,fifo,False,RQ4_priority,common,0.6000000000000001
633,50,2,1,6,capacity_aware,critical-unit,120,0.002,0.2,criticality,False,RQ4_priority,common,0.6000000000000001
634,50,2,1,6,capacity_aware,critical-unit,120,0.002,0.3,fifo,False,RQ4_priority,common,0.8999999999999999
635,50,2,1,6,capacity_aware,critical-unit,120,0.002,0.3,criticality,False,RQ4_priority,common,0.8999999999999999
636,50,2,1,6,capacity_aware,critical-unit,120,0.002,0.4,fifo,False,RQ4_priority,common,1.2000000000000002
637,50,2,1,6,capacity_aware,critical-unit,120,0.002,0.4,criticality,False,RQ4_priority,common,1.2000000000000002
638,50,2,1,6,capacity_aware,critical-unit,120,0.002,0.5,fifo,False,RQ4_priority,common,1.5
639,50,2,1,6,capacity_aware,critical-unit,120,0.002,0.5,criticality,False,RQ4_priority,common,1.5
640,50,2,1,6,capacity_aware,critical-unit,120,0.002,0.6,fifo,False,RQ4_priority,common,1.7999999999999998
641,50,2,1,6,capacity_aware,critical-unit,120,0.002,0.6,criticality,False,RQ4_priority,common,1.7999999999999998
642,50,2,1,6,capacity_aware,critical-unit,120,0.002,0.75,fifo,False,RQ4_priority,common,2.25
643,50,2,1,6,capacity_aware,critical-unit,120,0.002,0.75,criticality,False,RQ4_priority,common,2.25
644,50,2,1,12,capacity_aware,critical-unit,120,0.002,0.1,fifo,False,RQ4_priority,common,0.6000000000000001
645,50,2,1,12,capacity_aware,critical-unit,120,0.002,0.1,criticality,False,RQ4_priority,common,0.6000000000000001
646,50,2,1,12,capacity_aware,critical-unit,120,0.002,0.2,fifo,False,RQ4_priority,common,1.2000000000000002
647,50,2,1,12,capacity_aware,critical-unit,120,0.002,0.2,criticality,False,RQ4_priority,common,1.2000000000000002
648,50,2,1,12,capacity_aware,critical-unit,120,0.002,0.3,fifo,False,RQ4_priority,common,1.7999999999999998
649,50,2,1,12,capacity_aware,critical-unit,120,0.002,0.3,criticality,False,RQ4_priority,common,1.7999999999999998
650,50,2,1,12,capacity_aware,critical-unit,120,0.002,0.4,fifo,False,RQ4_priority,common,2.4000000000000004
651,50,2,1,12,capacity_aware,critical-unit,120,0.002,0.4,criticality,False,RQ4_priority,common,2.4000000000000004
652,50,2,1,12,capacity_aware,critical-unit,120,0.002,0.5,fifo,False,RQ4_priority,common,3.0
653,50,2,1,12,capacity_aware,critical-unit,120,0.002,0.5,criticality,False,RQ4_priority,common,3.0
654,50,2,1,12,capacity_aware,critical-unit,120,0.002,0.6,fifo,False,RQ4_priority,common,3.5999999999999996
655,50,2,1,12,capacity_aware,critical-unit,120,0.002,0.6,criticality,False,RQ4_priority,common,3.5999999999999996
656,50,2,1,12,capacity_aware,critical-unit,120,0.002,0.75,fifo,False,RQ4_priority,common,4.5
657,50,2,1,12,capacity_aware,critical-unit,120,0.002,0.75,criticality,False,RQ4_priority,common,4.5
658,50,5,1,6,capacity_aware,critical-unit,120,0.002,0.1,fifo,False,RQ4_priority,common,0.12000000000000002
659,50,5,1,6,capacity_aware,critical-unit,120,0.002,0.1,criticality,False,RQ4_priority,common,0.12000000000000002
660,50,5,1,6,capacity_aware,critical-unit,120,0.002,0.2,fifo,False,RQ4_priority,common,0.24000000000000005
661,50,5,1,6,capacity_aware,critical-unit,120,0.002,0.2,criticality,False,RQ4_priority,common,0.24000000000000005
662,50,5,1,6,capacity_aware,critical-unit,120,0.002,0.3,fifo,False,RQ4_priority,common,0.36
663,50,5,1,6,capacity_aware,critical-unit,120,0.002,0.3,criticality,False,RQ4_priority,common,0.36
664,50,5,1,6,capacity_aware,critical-unit,120,0.002,0.4,fifo,False,RQ4_priority,common,0.4800000000000001
665,50,5,1,6,capacity_aware,critical-unit,120,0.002,0.4,criticality,False,RQ4_priority,common,0.4800000000000001
666,50,5,1,6,capacity_aware,critical-unit,120,0.002,0.5,fifo,False,RQ4_priority,common,0.6
667,50,5,1,6,capacity_aware,critical-unit,120,0.002,0.5,criticality,False,RQ4_priority,common,0.6
668,50,5,1,6,capacity_aware,critical-unit,120,0.002,0.6,fifo,False,RQ4_priority,common,0.72
669,50,5,1,6,capacity_aware,critical-unit,120,0.002,0.6,criticality,False,RQ4_priority,common,0.72
670,50,5,1,6,capacity_aware,critical-unit,120,0.002,0.75,fifo,False,RQ4_priority,common,0.9
671,50,5,1,6,capacity_aware,critical-unit,120,0.002,0.75,criticality,False,RQ4_priority,common,0.9
672,50,5,1,12,capacity_aware,critical-unit,120,0.002,0.1,fifo,False,RQ4_priority,common,0.24000000000000005
673,50,5,1,12,capacity_aware,critical-unit,120,0.002,0.1,criticality,False,RQ4_priority,common,0.24000000000000005
674,50,5,1,12,capacity_aware,critical-unit,120,0.002,0.2,fifo,False,RQ4_priority,common,0.4800000000000001
675,50,5,1,12,capacity_aware,critical-unit,120,0.002,0.2,criticality,False,RQ4_priority,common,0.4800000000000001
676,50,5,1,12,capacity_aware,critical-unit,120,0.002,0.3,fifo,False,RQ4_priority,common,0.72
677,50,5,1,12,capacity_aware,critical-unit,120,0.002,0.3,criticality,False,RQ4_priority,common,0.72
678,50,5,1,12,capacity_aware,critical-unit,120,0.002,0.4,fifo,False,RQ4_priority,common,0.9600000000000002
679,50,5,1,12,capacity_aware,critical-unit,120,0.002,0.4,criticality,False,RQ4_priority,common,0.9600000000000002
680,50,5,1,12,capacity_aware,critical-unit,120,0.002,0.5,fifo,False,RQ4_priority,common,1.2
681,50,5,1,12,capacity_aware,critical-unit,120,0.002,0.5,criticality,False,RQ4_priority,common,1.2
682,50,5,1,12,capacity_aware,critical-unit,120,0.002,0.6,fifo,False,RQ4_priority,common,1.44
683,50,5,1,12,capacity_aware,critical-unit,120,0.002,0.6,criticality,False,RQ4_priority,common,1.44
684,50,5,1,12,capacity_aware,critical-unit,120,0.002,0.75,fifo,False,RQ4_priority,common,1.8
685,50,5,1,12,capacity_aware,critical-unit,120,0.002,0.75,criticality,False,RQ4_priority,common,1.8
686,100,2,1,6,capacity_aware,critical-unit,120,0.002,0.1,fifo,False,RQ4_priority,common,0.30000000000000004
687,100,2,1,6,capacity_aware,critical-unit,120,0.002,0.1,criticality,False,RQ4_priority,common,0.30000000000000004
688,100,2,1,6,capacity_aware,critical-unit,120,0.002,0.2,fifo,False,RQ4_priority,common,0.6000000000000001
689,100,2,1,6,capacity_aware,critical-unit,120,0.002,0.2,criticality,False,RQ4_priority,common,0.6000000000000001
690,100,2,1,6,capacity_aware,critical-unit,120,0.002,0.3,fifo,False,RQ4_priority,common,0.8999999999999999
691,100,2,1,6,capacity_aware,critical-unit,120,0.002,0.3,criticality,False,RQ4_priority,common,0.8999999999999999
692,100,2,1,6,capacity_aware,critical-unit,120,0.002,0.4,fifo,False,RQ4_priority,common,1.2000000000000002
693,100,2,1,6,capacity_aware,critical-unit,120,0.002,0.4,criticality,False,RQ4_priority,common,1.2000000000000002
694,100,2,1,6,capacity_aware,critical-unit,120,0.002,0.5,fifo,False,RQ4_priority,common,1.5
695,100,2,1,6,capacity_aware,critical-unit,120,0.002,0.5,criticality,False,RQ4_priority,common,1.5
696,100,2,1,6,capacity_aware,critical-unit,120,0.002,0.6,fifo,False,RQ4_priority,common,1.7999999999999998
697,100,2,1,6,capacity_aware,critical-unit,120,0.002,0.6,criticality,False,RQ4_priority,common,1.7999999999999998
698,100,2,1,6,capacity_aware,critical-unit,120,0.002,0.75,fifo,False,RQ4_priority,common,2.25
699,100,2,1,6,capacity_aware,critical-unit,120,0.002,0.75,criticality,False,RQ4_priority,common,2.25
700,100,2,1,12,capacity_aware,critical-unit,120,0.002,0.1,fifo,False,RQ4_priority,common,0.6000000000000001
701,100,2,1,12,capacity_aware,critical-unit,120,0.002,0.1,criticality,False,RQ4_priority,common,0.6000000000000001
702,100,2,1,12,capacity_aware,critical-unit,120,0.002,0.2,fifo,False,RQ4_priority,common,1.2000000000000002
703,100,2,1,12,capacity_aware,critical-unit,120,0.002,0.2,criticality,False,RQ4_priority,common,1.2000000000000002
704,100,2,1,12,capacity_aware,critical-unit,120,0.002,0.3,fifo,False,RQ4_priority,common,1.7999999999999998
705,100,2,1,12,capacity_aware,critical-unit,120,0.002,0.3,criticality,False,RQ4_priority,common,1.7999999999999998
706,100,2,1,12,capacity_aware,critical-unit,120,0.002,0.4,fifo,False,RQ4_priority,common,2.4000000000000004
707,100,2,1,12,capacity_aware,critical-unit,120,0.002,0.4,criticality,False,RQ4_priority,common,2.4000000000000004
708,100,2,1,12,capacity_aware,critical-unit,120,0.002,0.5,fifo,False,RQ4_priority,common,3.0
709,100,2,1,12,capacity_aware,critical-unit,120,0.002,0.5,criticality,False,RQ4_priority,common,3.0
710,100,2,1,12,capacity_aware,critical-unit,120,0.002,0.6,fifo,False,RQ4_priority,common,3.5999999999999996
711,100,2,1,12,capacity_aware,critical-unit,120,0.002,0.6,criticality,False,RQ4_priority,common,3.5999999999999996
712,100,2,1,12,capacity_aware,critical-unit,120,0.002,0.75,fifo,False,RQ4_priority,common,4.5
713,100,2,1,12,capacity_aware,critical-unit,120,0.002,0.75,criticality,False,RQ4_priority,common,4.5
714,100,5,1,6,capacity_aware,critical-unit,120,0.002,0.1,fifo,False,RQ4_priority,common,0.12000000000000002
715,100,5,1,6,capacity_aware,critical-unit,120,0.002,0.1,criticality,False,RQ4_priority,common,0.12000000000000002
716,100,5,1,6,capacity_aware,critical-unit,120,0.002,0.2,fifo,False,RQ4_priority,common,0.24000000000000005
717,100,5,1,6,capacity_aware,critical-unit,120,0.002,0.2,criticality,False,RQ4_priority,common,0.24000000000000005
718,100,5,1,6,capacity_aware,critical-unit,120,0.002,0.3,fifo,False,RQ4_priority,common,0.36
719,100,5,1,6,capacity_aware,critical-unit,120,0.002,0.3,criticality,False,RQ4_priority,common,0.36
720,100,5,1,6,capacity_aware,critical-unit,120,0.002,0.4,fifo,False,RQ4_priority,common,0.4800000000000001
721,100,5,1,6,capacity_aware,critical-unit,120,0.002,0.4,criticality,False,RQ4_priority,common,0.4800000000000001
722,100,5,1,6,capacity_aware,critical-unit,120,0.002,0.5,fifo,False,RQ4_priority,common,0.6
723,100,5,1,6,capacity_aware,critical-unit,120,0.002,0.5,criticality,False,RQ4_priority,common,0.6
724,100,5,1,6,capacity_aware,critical-unit,120,0.002,0.6,fifo,False,RQ4_priority,common,0.72
725,100,5,1,6,capacity_aware,critical-unit,120,0.002,0.6,criticality,False,RQ4_priority,common,0.72
726,100,5,1,6,capacity_aware,critical-unit,120,0.002,0.75,fifo,False,RQ4_priority,common,0.9
727,100,5,1,6,capacity_aware,critical-unit,120,0.002,0.75,criticality,False,RQ4_priority,common,0.9
728,100,5,1,12,capacity_aware,critical-unit,120,0.002,0.1,fifo,False,RQ4_priority,common,0.24000000000000005
729,100,5,1,12,capacity_aware,critical-unit,120,0.002,0.1,criticality,False,RQ4_priority,common,0.24000000000000005
730,100,5,1,12,capacity_aware,critical-unit,120,0.002,0.2,fifo,False,RQ4_priority,common,0.4800000000000001
731,100,5,1,12,capacity_aware,critical-unit,120,0.002,0.2,criticality,False,RQ4_priority,common,0.4800000000000001
732,100,5,1,12,capacity_aware,critical-unit,120,0.002,0.3,fifo,False,RQ4_priority,common,0.72
733,100,5,1,12,capacity_aware,critical-unit,120,0.002,0.3,criticality,False,RQ4_priority,common,0.72
734,100,5,1,12,capacity_aware,critical-unit,120,0.002,0.4,fifo,False,RQ4_priority,common,0.9600000000000002
735,100,5,1,12,capacity_aware,critical-unit,120,0.002,0.4,criticality,False,RQ4_priority,common,0.9600000000000002
736,100,5,1,12,capacity_aware,critical-unit,120,0.002,0.5,fifo,False,RQ4_priority,common,1.2
737,100,5,1,12,capacity_aware,critical-unit,120,0.002,0.5,criticality,False,RQ4_priority,common,1.2
738,100,5,1,12,capacity_aware,critical-unit,120,0.002,0.6,fifo,False,RQ4_priority,common,1.44
739,100,5,1,12,capacity_aware,critical-unit,120,0.002,0.6,criticality,False,RQ4_priority,common,1.44
740,100,5,1,12,capacity_aware,critical-unit,120,0.002,0.75,fifo,False,RQ4_priority,common,1.8
741,100,5,1,12,capacity_aware,critical-unit,120,0.002,0.75,criticality,False,RQ4_priority,common,1.8
